"RBallID","HomeTeam","AwayTeam","Timestamp","Incident","IncidentNumber","Minute"
918253,"Real Sociedad","FC Barcelona","01/14/2018 18:50:42","Lineup changed",0,0
918253,"Real Sociedad","FC Barcelona","01/14/2018 18:51:06","Transmission Online",1,0
918253,"Real Sociedad","FC Barcelona","01/14/2018 18:51:06","Scout in Stadion",2,0
918253,"Real Sociedad","FC Barcelona","01/14/2018 19:05:31","GCC",3,0
918253,"Real Sociedad","FC Barcelona","01/14/2018 19:42:04","Jersey Changed",4,0
918253,"Real Sociedad","FC Barcelona","01/14/2018 19:42:06","Jersey Changed",5,0
918253,"Real Sociedad","FC Barcelona","01/14/2018 19:42:07","Players are coming out",6,0
918253,"Real Sociedad","FC Barcelona","01/14/2018 19:42:38","Players lined up",7,0
918253,"Real Sociedad","FC Barcelona","01/14/2018 19:42:49","Shake hands",8,0
918253,"Real Sociedad","FC Barcelona","01/14/2018 19:43:50","Photo taking",9,0
918253,"Real Sociedad","FC Barcelona","01/14/2018 19:43:55","Flip coin",10,0
918253,"Real Sociedad","FC Barcelona","01/14/2018 19:43:58","GCC",11,0
918253,"Real Sociedad","FC Barcelona","01/14/2018 19:44:59","Prize giving ceremony",12,0
918253,"Real Sociedad","FC Barcelona","01/14/2018 19:46:12","System Message",13,0
918253,"Real Sociedad","FC Barcelona","01/14/2018 19:46:48","Game about to start",14,0
918253,"Real Sociedad","FC Barcelona","01/14/2018 19:47:22","Start RT1 Team 1",15,1
918253,"Real Sociedad","FC Barcelona","01/14/2018 19:47:26","AT1",16,1
918253,"Real Sociedad","FC Barcelona","01/14/2018 19:47:35","SAFE1",17,1
918253,"Real Sociedad","FC Barcelona","01/14/2018 19:47:44","AT2",18,1
918253,"Real Sociedad","FC Barcelona","01/14/2018 19:47:45","POSSIBLE_TI",19,1
918253,"Real Sociedad","FC Barcelona","01/14/2018 19:47:46","TI2",20,1
918253,"Real Sociedad","FC Barcelona","01/14/2018 19:47:48","Restart",21,1
918253,"Real Sociedad","FC Barcelona","01/14/2018 19:47:49","DANGER2",22,1
918253,"Real Sociedad","FC Barcelona","01/14/2018 19:47:49","DAT2",23,1
918253,"Real Sociedad","FC Barcelona","01/14/2018 19:48:11","Possible Free Kick",24,1
918253,"Real Sociedad","FC Barcelona","01/14/2018 19:48:12","F1",26,1
918253,"Real Sociedad","FC Barcelona","01/14/2018 19:48:12","FK2",27,1
918253,"Real Sociedad","FC Barcelona","01/14/2018 19:48:12","DFK2",28,1
918253,"Real Sociedad","FC Barcelona","01/14/2018 19:48:12","Ball Position",29,1
918253,"Real Sociedad","FC Barcelona","01/14/2018 19:48:17","Restart",30,1
918253,"Real Sociedad","FC Barcelona","01/14/2018 19:48:26","SAFE2",31,2
918253,"Real Sociedad","FC Barcelona","01/14/2018 19:48:32","AT2",32,2
918253,"Real Sociedad","FC Barcelona","01/14/2018 19:48:36","SAFE1",33,2
918253,"Real Sociedad","FC Barcelona","01/14/2018 19:48:36","AT1",34,2
918253,"Real Sociedad","FC Barcelona","01/14/2018 19:48:36","DANGER1",35,2
918253,"Real Sociedad","FC Barcelona","01/14/2018 19:48:36","DAT1",36,2
918253,"Real Sociedad","FC Barcelona","01/14/2018 19:48:39","SAFE2",37,2
918253,"Real Sociedad","FC Barcelona","01/14/2018 19:48:39","AT2",38,2
918253,"Real Sociedad","FC Barcelona","01/14/2018 19:48:39","DANGER2",39,2
918253,"Real Sociedad","FC Barcelona","01/14/2018 19:48:39","DAT2",40,2
918253,"Real Sociedad","FC Barcelona","01/14/2018 19:49:26","POSSIBLE_TI",41,3
918253,"Real Sociedad","FC Barcelona","01/14/2018 19:49:27","TI2",42,3
918253,"Real Sociedad","FC Barcelona","01/14/2018 19:49:35","Restart",43,3
918253,"Real Sociedad","FC Barcelona","01/14/2018 19:49:43","SAFE1",44,3
918253,"Real Sociedad","FC Barcelona","01/14/2018 19:50:05","AT1",45,3
918253,"Real Sociedad","FC Barcelona","01/14/2018 19:50:09","DANGER1",46,3
918253,"Real Sociedad","FC Barcelona","01/14/2018 19:50:09","DAT1",47,3
918253,"Real Sociedad","FC Barcelona","01/14/2018 19:50:46","SAFE2",48,4
918253,"Real Sociedad","FC Barcelona","01/14/2018 19:50:49","AT2",49,4
918253,"Real Sociedad","FC Barcelona","01/14/2018 19:50:52","SAFE1",50,4
918253,"Real Sociedad","FC Barcelona","01/14/2018 19:50:55","AT1",51,4
918253,"Real Sociedad","FC Barcelona","01/14/2018 19:50:58","DANGER1",52,4
918253,"Real Sociedad","FC Barcelona","01/14/2018 19:50:58","DAT1",53,4
918253,"Real Sociedad","FC Barcelona","01/14/2018 19:51:31","POSSIBLE_TI",54,5
918253,"Real Sociedad","FC Barcelona","01/14/2018 19:51:31","TI1",55,5
918253,"Real Sociedad","FC Barcelona","01/14/2018 19:51:36","Restart",56,5
918253,"Real Sociedad","FC Barcelona","01/14/2018 19:51:44","SAFE2",57,5
918253,"Real Sociedad","FC Barcelona","01/14/2018 19:51:47","GK2",58,5
918253,"Real Sociedad","FC Barcelona","01/14/2018 19:51:53","Restart",59,5
918253,"Real Sociedad","FC Barcelona","01/14/2018 19:52:03","AT1",60,5
918253,"Real Sociedad","FC Barcelona","01/14/2018 19:52:03","DANGER1",61,5
918253,"Real Sociedad","FC Barcelona","01/14/2018 19:52:03","DAT1",62,5
918253,"Real Sociedad","FC Barcelona","01/14/2018 19:52:06","SAFE2",63,5
918253,"Real Sociedad","FC Barcelona","01/14/2018 19:52:09","AT2",64,5
918253,"Real Sociedad","FC Barcelona","01/14/2018 19:52:20","DANGER2",65,5
918253,"Real Sociedad","FC Barcelona","01/14/2018 19:52:20","DAT2",66,5
918253,"Real Sociedad","FC Barcelona","01/14/2018 19:53:19","SAFE1",67,6
918253,"Real Sociedad","FC Barcelona","01/14/2018 19:53:28","AT1",68,7
918253,"Real Sociedad","FC Barcelona","01/14/2018 19:53:31","DANGER1",69,7
918253,"Real Sociedad","FC Barcelona","01/14/2018 19:53:31","DAT1",70,7
918253,"Real Sociedad","FC Barcelona","01/14/2018 19:54:20","POSSIBLE_TI",71,7
918253,"Real Sociedad","FC Barcelona","01/14/2018 19:54:21","TI1",72,7
918253,"Real Sociedad","FC Barcelona","01/14/2018 19:54:30","Restart",73,8
918253,"Real Sociedad","FC Barcelona","01/14/2018 19:54:45","Possible Free Kick",74,8
918253,"Real Sociedad","FC Barcelona","01/14/2018 19:54:47","SAFE2",76,8
918253,"Real Sociedad","FC Barcelona","01/14/2018 19:54:47","F1",77,8
918253,"Real Sociedad","FC Barcelona","01/14/2018 19:54:47","FK2",78,8
918253,"Real Sociedad","FC Barcelona","01/14/2018 19:54:47","Ball Position",79,8
918253,"Real Sociedad","FC Barcelona","01/14/2018 19:55:02","Restart",80,8
918253,"Real Sociedad","FC Barcelona","01/14/2018 19:55:03","AT2",81,8
918253,"Real Sociedad","FC Barcelona","01/14/2018 19:55:12","SAFE2",82,8
918253,"Real Sociedad","FC Barcelona","01/14/2018 19:55:29","AT2",83,9
918253,"Real Sociedad","FC Barcelona","01/14/2018 19:55:35","DANGER2",84,9
918253,"Real Sociedad","FC Barcelona","01/14/2018 19:55:35","DAT2",85,9
918253,"Real Sociedad","FC Barcelona","01/14/2018 19:55:48","POSSIBLE_TI",86,9
918253,"Real Sociedad","FC Barcelona","01/14/2018 19:55:50","TI2",87,9
918253,"Real Sociedad","FC Barcelona","01/14/2018 19:55:56","Restart",88,9
918253,"Real Sociedad","FC Barcelona","01/14/2018 19:56:14","SHB2",89,9
918253,"Real Sociedad","FC Barcelona","01/14/2018 19:56:18","SAFE1",90,9
918253,"Real Sociedad","FC Barcelona","01/14/2018 19:56:19","GK1",91,9
918253,"Real Sociedad","FC Barcelona","01/14/2018 19:56:38","Restart",92,10
918253,"Real Sociedad","FC Barcelona","01/14/2018 19:56:39","AT1",93,10
918253,"Real Sociedad","FC Barcelona","01/14/2018 19:56:42","SAFE2",94,10
918253,"Real Sociedad","FC Barcelona","01/14/2018 19:56:42","AT2",95,10
918253,"Real Sociedad","FC Barcelona","01/14/2018 19:56:43","SAFE1",96,10
918253,"Real Sociedad","FC Barcelona","01/14/2018 19:56:51","AT1",97,10
918253,"Real Sociedad","FC Barcelona","01/14/2018 19:56:57","DANGER1",98,10
918253,"Real Sociedad","FC Barcelona","01/14/2018 19:56:57","DAT1",99,10
918253,"Real Sociedad","FC Barcelona","01/14/2018 19:57:48","SAFE2",100,11
918253,"Real Sociedad","FC Barcelona","01/14/2018 19:57:52","AT1",101,11
918253,"Real Sociedad","FC Barcelona","01/14/2018 19:57:53","POSSIBLE_TI",102,11
918253,"Real Sociedad","FC Barcelona","01/14/2018 19:57:54","TI1",103,11
918253,"Real Sociedad","FC Barcelona","01/14/2018 19:57:57","Restart",104,11
918253,"Real Sociedad","FC Barcelona","01/14/2018 19:58:03","DANGER1",105,11
918253,"Real Sociedad","FC Barcelona","01/14/2018 19:58:03","DAT1",106,11
918253,"Real Sociedad","FC Barcelona","01/14/2018 19:58:14","GOAL1",107,11
918253,"Real Sociedad","FC Barcelona","01/14/2018 19:58:26","Scorer",108,12
918253,"Real Sociedad","FC Barcelona","01/14/2018 19:58:26","CONF_GOAL1",109,12
918253,"Real Sociedad","FC Barcelona","01/14/2018 19:59:17","KO2",110,12
918253,"Real Sociedad","FC Barcelona","01/14/2018 19:59:17","SAFE2",111,12
918253,"Real Sociedad","FC Barcelona","01/14/2018 19:59:24","AT2",112,13
918253,"Real Sociedad","FC Barcelona","01/14/2018 19:59:31","POSSIBLE_TI",113,13
918253,"Real Sociedad","FC Barcelona","01/14/2018 19:59:32","TI2",114,13
918253,"Real Sociedad","FC Barcelona","01/14/2018 19:59:34","Restart",115,13
918253,"Real Sociedad","FC Barcelona","01/14/2018 19:59:35","SAFE2",116,13
918253,"Real Sociedad","FC Barcelona","01/14/2018 19:59:36","Player_DATA_CONFIRMED",117,13
918253,"Real Sociedad","FC Barcelona","01/14/2018 19:59:36","Assist",118,13
918253,"Real Sociedad","FC Barcelona","01/14/2018 19:59:53","AT1",119,13
918253,"Real Sociedad","FC Barcelona","01/14/2018 19:59:53","DANGER1",120,13
918253,"Real Sociedad","FC Barcelona","01/14/2018 19:59:53","DAT1",121,13
918253,"Real Sociedad","FC Barcelona","01/14/2018 20:00:01","POSSIBLE_TI",122,13
918253,"Real Sociedad","FC Barcelona","01/14/2018 20:00:02","TI2",123,13
918253,"Real Sociedad","FC Barcelona","01/14/2018 20:00:06","Restart",124,13
918253,"Real Sociedad","FC Barcelona","01/14/2018 20:00:09","POSSIBLE_TI",125,13
918253,"Real Sociedad","FC Barcelona","01/14/2018 20:00:10","TI1",126,13
918253,"Real Sociedad","FC Barcelona","01/14/2018 20:00:28","Restart",127,14
918253,"Real Sociedad","FC Barcelona","01/14/2018 20:00:36","POSSIBLE_TI",128,14
918253,"Real Sociedad","FC Barcelona","01/14/2018 20:00:37","TI1",129,14
918253,"Real Sociedad","FC Barcelona","01/14/2018 20:00:46","Restart",130,14
918253,"Real Sociedad","FC Barcelona","01/14/2018 20:00:47","PCR1",131,14
918253,"Real Sociedad","FC Barcelona","01/14/2018 20:01:00","CR1",132,14
918253,"Real Sociedad","FC Barcelona","01/14/2018 20:01:02","Ball Position",133,14
918253,"Real Sociedad","FC Barcelona","01/14/2018 20:01:08","Restart",134,14
918253,"Real Sociedad","FC Barcelona","01/14/2018 20:01:15","SAFE2",135,14
918253,"Real Sociedad","FC Barcelona","01/14/2018 20:01:16","AT2",136,14
918253,"Real Sociedad","FC Barcelona","01/14/2018 20:01:16","DANGER2",137,14
918253,"Real Sociedad","FC Barcelona","01/14/2018 20:01:16","DAT2",138,14
918253,"Real Sociedad","FC Barcelona","01/14/2018 20:01:33","BLOCKED2",139,15
918253,"Real Sociedad","FC Barcelona","01/14/2018 20:01:39","Possible Free Kick",140,15
918253,"Real Sociedad","FC Barcelona","01/14/2018 20:01:42","SAFE1",142,15
918253,"Real Sociedad","FC Barcelona","01/14/2018 20:01:42","F2",143,15
918253,"Real Sociedad","FC Barcelona","01/14/2018 20:01:42","FK1",144,15
918253,"Real Sociedad","FC Barcelona","01/14/2018 20:01:42","Ball Position",145,15
918253,"Real Sociedad","FC Barcelona","01/14/2018 20:02:05","Restart",146,15
918253,"Real Sociedad","FC Barcelona","01/14/2018 20:02:06","AT1",147,15
918253,"Real Sociedad","FC Barcelona","01/14/2018 20:02:07","DANGER1",148,15
918253,"Real Sociedad","FC Barcelona","01/14/2018 20:02:07","DAT1",149,15
918253,"Real Sociedad","FC Barcelona","01/14/2018 20:02:13","SAFE2",150,15
918253,"Real Sociedad","FC Barcelona","01/14/2018 20:02:26","AT1",151,16
918253,"Real Sociedad","FC Barcelona","01/14/2018 20:02:26","DANGER1",152,16
918253,"Real Sociedad","FC Barcelona","01/14/2018 20:02:26","DAT1",153,16
918253,"Real Sociedad","FC Barcelona","01/14/2018 20:02:48","SAFE1",154,16
918253,"Real Sociedad","FC Barcelona","01/14/2018 20:02:55","AT1",155,16
918253,"Real Sociedad","FC Barcelona","01/14/2018 20:02:56","DANGER1",156,16
918253,"Real Sociedad","FC Barcelona","01/14/2018 20:02:56","DAT1",157,16
918253,"Real Sociedad","FC Barcelona","01/14/2018 20:03:01","SAFE2",158,16
918253,"Real Sociedad","FC Barcelona","01/14/2018 20:03:15","AT1",159,16
918253,"Real Sociedad","FC Barcelona","01/14/2018 20:03:15","DANGER1",160,16
918253,"Real Sociedad","FC Barcelona","01/14/2018 20:03:15","DAT1",161,16
918253,"Real Sociedad","FC Barcelona","01/14/2018 20:03:22","SAFE2",162,16
918253,"Real Sociedad","FC Barcelona","01/14/2018 20:03:23","AT2",163,17
918253,"Real Sociedad","FC Barcelona","01/14/2018 20:03:40","DANGER2",164,17
918253,"Real Sociedad","FC Barcelona","01/14/2018 20:03:40","DAT2",165,17
918253,"Real Sociedad","FC Barcelona","01/14/2018 20:03:47","Possible Free Kick",166,17
918253,"Real Sociedad","FC Barcelona","01/14/2018 20:03:50","SAFE1",168,17
918253,"Real Sociedad","FC Barcelona","01/14/2018 20:03:50","F2",169,17
918253,"Real Sociedad","FC Barcelona","01/14/2018 20:03:50","FK1",170,17
918253,"Real Sociedad","FC Barcelona","01/14/2018 20:03:50","Ball Position",171,17
918253,"Real Sociedad","FC Barcelona","01/14/2018 20:04:10","Restart",172,17
918253,"Real Sociedad","FC Barcelona","01/14/2018 20:04:10","AT1",173,17
918253,"Real Sociedad","FC Barcelona","01/14/2018 20:04:21","Possible Free Kick",174,17
918253,"Real Sociedad","FC Barcelona","01/14/2018 20:04:26","SAFE2",176,18
918253,"Real Sociedad","FC Barcelona","01/14/2018 20:04:26","O1",177,18
918253,"Real Sociedad","FC Barcelona","01/14/2018 20:04:26","FK2",178,18
918253,"Real Sociedad","FC Barcelona","01/14/2018 20:04:26","Ball Position",179,18
918253,"Real Sociedad","FC Barcelona","01/14/2018 20:04:34","Restart",180,18
918253,"Real Sociedad","FC Barcelona","01/14/2018 20:04:41","AT2",181,18
918253,"Real Sociedad","FC Barcelona","01/14/2018 20:04:44","AT1",182,18
918253,"Real Sociedad","FC Barcelona","01/14/2018 20:04:44","DANGER1",183,18
918253,"Real Sociedad","FC Barcelona","01/14/2018 20:04:44","DAT1",184,18
918253,"Real Sociedad","FC Barcelona","01/14/2018 20:04:46","SAFE1",185,18
918253,"Real Sociedad","FC Barcelona","01/14/2018 20:04:56","AT2",186,18
918253,"Real Sociedad","FC Barcelona","01/14/2018 20:04:56","DANGER2",187,18
918253,"Real Sociedad","FC Barcelona","01/14/2018 20:04:56","DAT2",188,18
918253,"Real Sociedad","FC Barcelona","01/14/2018 20:05:02","SAFE1",189,18
918253,"Real Sociedad","FC Barcelona","01/14/2018 20:05:02","AT1",190,18
918253,"Real Sociedad","FC Barcelona","01/14/2018 20:05:02","DANGER1",191,18
918253,"Real Sociedad","FC Barcelona","01/14/2018 20:05:02","DAT1",192,18
918253,"Real Sociedad","FC Barcelona","01/14/2018 20:05:11","Possible Free Kick",193,18
918253,"Real Sociedad","FC Barcelona","01/14/2018 20:05:15","SAFE2",195,18
918253,"Real Sociedad","FC Barcelona","01/14/2018 20:05:15","O1",196,18
918253,"Real Sociedad","FC Barcelona","01/14/2018 20:05:15","FK2",197,18
918253,"Real Sociedad","FC Barcelona","01/14/2018 20:05:15","Ball Position",198,18
918253,"Real Sociedad","FC Barcelona","01/14/2018 20:05:19","Restart",199,18
918253,"Real Sociedad","FC Barcelona","01/14/2018 20:05:25","AT2",200,19
918253,"Real Sociedad","FC Barcelona","01/14/2018 20:05:41","DANGER2",201,19
918253,"Real Sociedad","FC Barcelona","01/14/2018 20:05:41","DAT2",202,19
918253,"Real Sociedad","FC Barcelona","01/14/2018 20:05:47","SAFE1",203,19
918253,"Real Sociedad","FC Barcelona","01/14/2018 20:05:48","AT2",204,19
918253,"Real Sociedad","FC Barcelona","01/14/2018 20:05:48","DANGER2",205,19
918253,"Real Sociedad","FC Barcelona","01/14/2018 20:05:48","DAT2",206,19
918253,"Real Sociedad","FC Barcelona","01/14/2018 20:06:01","SAFE1",207,19
918253,"Real Sociedad","FC Barcelona","01/14/2018 20:06:02","AT1",208,19
918253,"Real Sociedad","FC Barcelona","01/14/2018 20:06:04","DANGER1",209,19
918253,"Real Sociedad","FC Barcelona","01/14/2018 20:06:04","DAT1",210,19
918253,"Real Sociedad","FC Barcelona","01/14/2018 20:06:26","PCR1",211,20
918253,"Real Sociedad","FC Barcelona","01/14/2018 20:06:32","CR1",212,20
918253,"Real Sociedad","FC Barcelona","01/14/2018 20:06:34","BLOCKED1",213,20
918253,"Real Sociedad","FC Barcelona","01/14/2018 20:06:35","Ball Position",214,20
918253,"Real Sociedad","FC Barcelona","01/14/2018 20:06:36","Restart",215,20
918253,"Real Sociedad","FC Barcelona","01/14/2018 20:07:18","Possible Free Kick",216,20
918253,"Real Sociedad","FC Barcelona","01/14/2018 20:07:19","F2",218,20
918253,"Real Sociedad","FC Barcelona","01/14/2018 20:07:19","FK1",219,20
918253,"Real Sociedad","FC Barcelona","01/14/2018 20:07:19","DFK1",220,20
918253,"Real Sociedad","FC Barcelona","01/14/2018 20:07:19","Ball Position",221,20
918253,"Real Sociedad","FC Barcelona","01/14/2018 20:07:21","Restart",222,20
918253,"Real Sociedad","FC Barcelona","01/14/2018 20:07:34","POSSIBLE_TI",223,21
918253,"Real Sociedad","FC Barcelona","01/14/2018 20:07:34","TI1",224,21
918253,"Real Sociedad","FC Barcelona","01/14/2018 20:07:46","Restart",225,21
918253,"Real Sociedad","FC Barcelona","01/14/2018 20:07:52","POSSIBLE_TI",226,21
918253,"Real Sociedad","FC Barcelona","01/14/2018 20:07:54","TI1",227,21
918253,"Real Sociedad","FC Barcelona","01/14/2018 20:07:54","Restart",228,21
918253,"Real Sociedad","FC Barcelona","01/14/2018 20:08:07","SHG1",229,21
918253,"Real Sociedad","FC Barcelona","01/14/2018 20:08:09","SAFE2",230,21
918253,"Real Sociedad","FC Barcelona","01/14/2018 20:08:18","POSSIBLE_TI",231,21
918253,"Real Sociedad","FC Barcelona","01/14/2018 20:08:21","TI2",232,21
918253,"Real Sociedad","FC Barcelona","01/14/2018 20:08:26","Restart",233,22
918253,"Real Sociedad","FC Barcelona","01/14/2018 20:08:31","AT2",234,22
918253,"Real Sociedad","FC Barcelona","01/14/2018 20:08:35","DANGER2",235,22
918253,"Real Sociedad","FC Barcelona","01/14/2018 20:08:35","DAT2",236,22
918253,"Real Sociedad","FC Barcelona","01/14/2018 20:09:20","Possible Free Kick",237,22
918253,"Real Sociedad","FC Barcelona","01/14/2018 20:09:22","F1",239,22
918253,"Real Sociedad","FC Barcelona","01/14/2018 20:09:22","FK2",240,22
918253,"Real Sociedad","FC Barcelona","01/14/2018 20:09:22","DFK2",241,22
918253,"Real Sociedad","FC Barcelona","01/14/2018 20:09:22","Ball Position",242,22
918253,"Real Sociedad","FC Barcelona","01/14/2018 20:09:27","Restart",243,23
918253,"Real Sociedad","FC Barcelona","01/14/2018 20:10:03","SAFE2",244,23
918253,"Real Sociedad","FC Barcelona","01/14/2018 20:10:19","AT2",245,23
918253,"Real Sociedad","FC Barcelona","01/14/2018 20:10:26","DANGER2",246,24
918253,"Real Sociedad","FC Barcelona","01/14/2018 20:10:26","DAT2",247,24
918253,"Real Sociedad","FC Barcelona","01/14/2018 20:10:35","SAFE1",248,24
918253,"Real Sociedad","FC Barcelona","01/14/2018 20:10:38","AT2",249,24
918253,"Real Sociedad","FC Barcelona","01/14/2018 20:10:38","DANGER2",250,24
918253,"Real Sociedad","FC Barcelona","01/14/2018 20:10:38","DAT2",251,24
918253,"Real Sociedad","FC Barcelona","01/14/2018 20:10:51","Possible Free Kick",252,24
918253,"Real Sociedad","FC Barcelona","01/14/2018 20:10:54","SAFE1",254,24
918253,"Real Sociedad","FC Barcelona","01/14/2018 20:10:54","F2",255,24
918253,"Real Sociedad","FC Barcelona","01/14/2018 20:10:54","FK1",256,24
918253,"Real Sociedad","FC Barcelona","01/14/2018 20:10:54","Ball Position",257,24
918253,"Real Sociedad","FC Barcelona","01/14/2018 20:10:56","AT1",258,24
918253,"Real Sociedad","FC Barcelona","01/14/2018 20:10:56","DANGER1",259,24
918253,"Real Sociedad","FC Barcelona","01/14/2018 20:10:56","DAT1",260,24
918253,"Real Sociedad","FC Barcelona","01/14/2018 20:10:57","Restart",261,24
918253,"Real Sociedad","FC Barcelona","01/14/2018 20:11:03","Possible Free Kick",262,24
918253,"Real Sociedad","FC Barcelona","01/14/2018 20:11:06","SAFE2",264,24
918253,"Real Sociedad","FC Barcelona","01/14/2018 20:11:06","O1",265,24
918253,"Real Sociedad","FC Barcelona","01/14/2018 20:11:06","FK2",266,24
918253,"Real Sociedad","FC Barcelona","01/14/2018 20:11:06","Ball Position",267,24
918253,"Real Sociedad","FC Barcelona","01/14/2018 20:11:10","Restart",268,24
918253,"Real Sociedad","FC Barcelona","01/14/2018 20:11:17","AT2",269,24
918253,"Real Sociedad","FC Barcelona","01/14/2018 20:11:28","SAFE2",270,25
918253,"Real Sociedad","FC Barcelona","01/14/2018 20:11:35","AT2",271,25
918253,"Real Sociedad","FC Barcelona","01/14/2018 20:11:44","DANGER2",272,25
918253,"Real Sociedad","FC Barcelona","01/14/2018 20:11:44","DAT2",273,25
918253,"Real Sociedad","FC Barcelona","01/14/2018 20:11:53","Possible Free Kick",274,25
918253,"Real Sociedad","FC Barcelona","01/14/2018 20:11:54","F1",276,25
918253,"Real Sociedad","FC Barcelona","01/14/2018 20:11:54","FK2",277,25
918253,"Real Sociedad","FC Barcelona","01/14/2018 20:11:54","DFK2",278,25
918253,"Real Sociedad","FC Barcelona","01/14/2018 20:11:54","Ball Position",279,25
918253,"Real Sociedad","FC Barcelona","01/14/2018 20:11:58","Restart",280,25
918253,"Real Sociedad","FC Barcelona","01/14/2018 20:12:17","Possible Free Kick",281,25
918253,"Real Sociedad","FC Barcelona","01/14/2018 20:12:21","SAFE1",283,25
918253,"Real Sociedad","FC Barcelona","01/14/2018 20:12:21","O2",284,25
918253,"Real Sociedad","FC Barcelona","01/14/2018 20:12:21","FK1",285,25
918253,"Real Sociedad","FC Barcelona","01/14/2018 20:12:21","Ball Position",286,25
918253,"Real Sociedad","FC Barcelona","01/14/2018 20:12:39","Restart",287,26
918253,"Real Sociedad","FC Barcelona","01/14/2018 20:12:40","AT1",288,26
918253,"Real Sociedad","FC Barcelona","01/14/2018 20:12:44","DANGER1",289,26
918253,"Real Sociedad","FC Barcelona","01/14/2018 20:12:44","DAT1",290,26
918253,"Real Sociedad","FC Barcelona","01/14/2018 20:13:24","POSSIBLE_TI",291,27
918253,"Real Sociedad","FC Barcelona","01/14/2018 20:13:26","TI1",292,27
918253,"Real Sociedad","FC Barcelona","01/14/2018 20:13:29","Restart",293,27
918253,"Real Sociedad","FC Barcelona","01/14/2018 20:13:51","SAFE1",294,27
918253,"Real Sociedad","FC Barcelona","01/14/2018 20:13:56","AT1",295,27
918253,"Real Sociedad","FC Barcelona","01/14/2018 20:13:56","DANGER1",296,27
918253,"Real Sociedad","FC Barcelona","01/14/2018 20:13:56","DAT1",297,27
918253,"Real Sociedad","FC Barcelona","01/14/2018 20:14:10","SHG1",298,27
918253,"Real Sociedad","FC Barcelona","01/14/2018 20:14:10","SAFE2",299,27
918253,"Real Sociedad","FC Barcelona","01/14/2018 20:14:18","AT1",300,27
918253,"Real Sociedad","FC Barcelona","01/14/2018 20:14:33","DANGER1",301,28
918253,"Real Sociedad","FC Barcelona","01/14/2018 20:14:33","DAT1",302,28
918253,"Real Sociedad","FC Barcelona","01/14/2018 20:14:56","GOAL1",303,28
918253,"Real Sociedad","FC Barcelona","01/14/2018 20:15:08","CGOAL1",304,28
918253,"Real Sociedad","FC Barcelona","01/14/2018 20:15:10","Possible Free Kick",305,28
918253,"Real Sociedad","FC Barcelona","01/14/2018 20:15:13","SAFE2",307,28
918253,"Real Sociedad","FC Barcelona","01/14/2018 20:15:13","F1",308,28
918253,"Real Sociedad","FC Barcelona","01/14/2018 20:15:13","FK2",309,28
918253,"Real Sociedad","FC Barcelona","01/14/2018 20:15:13","Ball Position",310,28
918253,"Real Sociedad","FC Barcelona","01/14/2018 20:15:20","Restart",311,28
918253,"Real Sociedad","FC Barcelona","01/14/2018 20:15:21","AT2",312,28
918253,"Real Sociedad","FC Barcelona","01/14/2018 20:15:21","DANGER2",313,28
918253,"Real Sociedad","FC Barcelona","01/14/2018 20:15:21","DAT2",314,28
918253,"Real Sociedad","FC Barcelona","01/14/2018 20:15:32","SAFE2",315,29
918253,"Real Sociedad","FC Barcelona","01/14/2018 20:15:39","AT2",316,29
918253,"Real Sociedad","FC Barcelona","01/14/2018 20:15:44","POSSIBLE_TI",317,29
918253,"Real Sociedad","FC Barcelona","01/14/2018 20:15:49","TI2",318,29
918253,"Real Sociedad","FC Barcelona","01/14/2018 20:15:51","Restart",319,29
918253,"Real Sociedad","FC Barcelona","01/14/2018 20:15:53","DANGER2",320,29
918253,"Real Sociedad","FC Barcelona","01/14/2018 20:15:53","DAT2",321,29
918253,"Real Sociedad","FC Barcelona","01/14/2018 20:15:57","SAFE1",322,29
918253,"Real Sociedad","FC Barcelona","01/14/2018 20:16:01","AT1",323,29
918253,"Real Sociedad","FC Barcelona","01/14/2018 20:16:06","SAFE2",324,29
918253,"Real Sociedad","FC Barcelona","01/14/2018 20:16:06","AT2",325,29
918253,"Real Sociedad","FC Barcelona","01/14/2018 20:16:09","DANGER2",326,29
918253,"Real Sociedad","FC Barcelona","01/14/2018 20:16:09","DAT2",327,29
918253,"Real Sociedad","FC Barcelona","01/14/2018 20:16:16","PCR2",328,29
918253,"Real Sociedad","FC Barcelona","01/14/2018 20:16:41","CR2",329,30
918253,"Real Sociedad","FC Barcelona","01/14/2018 20:16:44","Ball Position",330,30
918253,"Real Sociedad","FC Barcelona","01/14/2018 20:16:54","Restart",331,30
918253,"Real Sociedad","FC Barcelona","01/14/2018 20:17:04","SAFE2",332,30
918253,"Real Sociedad","FC Barcelona","01/14/2018 20:17:23","AT1",333,31
918253,"Real Sociedad","FC Barcelona","01/14/2018 20:17:23","DANGER1",334,31
918253,"Real Sociedad","FC Barcelona","01/14/2018 20:17:23","DAT1",335,31
918253,"Real Sociedad","FC Barcelona","01/14/2018 20:17:34","PCR1",336,31
918253,"Real Sociedad","FC Barcelona","01/14/2018 20:17:42","CR1",337,31
918253,"Real Sociedad","FC Barcelona","01/14/2018 20:17:46","SHG1",338,31
918253,"Real Sociedad","FC Barcelona","01/14/2018 20:17:47","Ball Position",339,31
918253,"Real Sociedad","FC Barcelona","01/14/2018 20:17:57","Restart",340,31
918253,"Real Sociedad","FC Barcelona","01/14/2018 20:18:02","SHB1",341,31
918253,"Real Sociedad","FC Barcelona","01/14/2018 20:18:05","SAFE2",342,31
918253,"Real Sociedad","FC Barcelona","01/14/2018 20:18:08","GK2",343,31
918253,"Real Sociedad","FC Barcelona","01/14/2018 20:18:12","Restart",344,31
918253,"Real Sociedad","FC Barcelona","01/14/2018 20:18:36","AT2",345,32
918253,"Real Sociedad","FC Barcelona","01/14/2018 20:18:43","POSSIBLE_TI",346,32
918253,"Real Sociedad","FC Barcelona","01/14/2018 20:18:43","TI2",347,32
918253,"Real Sociedad","FC Barcelona","01/14/2018 20:18:51","Restart",348,32
918253,"Real Sociedad","FC Barcelona","01/14/2018 20:18:53","SAFE2",349,32
918253,"Real Sociedad","FC Barcelona","01/14/2018 20:19:09","AT2",350,32
918253,"Real Sociedad","FC Barcelona","01/14/2018 20:19:23","SAFE1",351,33
918253,"Real Sociedad","FC Barcelona","01/14/2018 20:19:24","POSSIBLE_TI",352,33
918253,"Real Sociedad","FC Barcelona","01/14/2018 20:19:26","TI1",353,33
918253,"Real Sociedad","FC Barcelona","01/14/2018 20:19:40","Restart",354,33
918253,"Real Sociedad","FC Barcelona","01/14/2018 20:19:41","AT1",355,33
918253,"Real Sociedad","FC Barcelona","01/14/2018 20:19:49","SAFE1",356,33
918253,"Real Sociedad","FC Barcelona","01/14/2018 20:19:59","AT2",357,33
918253,"Real Sociedad","FC Barcelona","01/14/2018 20:19:59","DANGER2",358,33
918253,"Real Sociedad","FC Barcelona","01/14/2018 20:19:59","DAT2",359,33
918253,"Real Sociedad","FC Barcelona","01/14/2018 20:20:01","SAFE1",360,33
918253,"Real Sociedad","FC Barcelona","01/14/2018 20:20:08","Possible Free Kick",361,33
918253,"Real Sociedad","FC Barcelona","01/14/2018 20:20:09","F2",363,33
918253,"Real Sociedad","FC Barcelona","01/14/2018 20:20:09","FK1",364,33
918253,"Real Sociedad","FC Barcelona","01/14/2018 20:20:09","DANGER1",365,33
918253,"Real Sociedad","FC Barcelona","01/14/2018 20:20:09","DFK1",366,33
918253,"Real Sociedad","FC Barcelona","01/14/2018 20:20:09","Ball Position",367,33
918253,"Real Sociedad","FC Barcelona","01/14/2018 20:20:26","Restart",368,34
918253,"Real Sociedad","FC Barcelona","01/14/2018 20:20:32","SAFE2",369,34
918253,"Real Sociedad","FC Barcelona","01/14/2018 20:20:32","AT2",370,34
918253,"Real Sociedad","FC Barcelona","01/14/2018 20:20:32","DANGER2",371,34
918253,"Real Sociedad","FC Barcelona","01/14/2018 20:20:32","DAT2",372,34
918253,"Real Sociedad","FC Barcelona","01/14/2018 20:20:34","SAFE1",373,34
918253,"Real Sociedad","FC Barcelona","01/14/2018 20:20:34","AT1",374,34
918253,"Real Sociedad","FC Barcelona","01/14/2018 20:20:34","DANGER1",375,34
918253,"Real Sociedad","FC Barcelona","01/14/2018 20:20:34","DAT1",376,34
918253,"Real Sociedad","FC Barcelona","01/14/2018 20:20:43","POSSIBLE_TI",377,34
918253,"Real Sociedad","FC Barcelona","01/14/2018 20:20:45","TI1",378,34
918253,"Real Sociedad","FC Barcelona","01/14/2018 20:20:45","Restart",379,34
918253,"Real Sociedad","FC Barcelona","01/14/2018 20:20:57","GOAL1",380,34
918253,"Real Sociedad","FC Barcelona","01/14/2018 20:21:05","Scorer",381,34
918253,"Real Sociedad","FC Barcelona","01/14/2018 20:21:07","CONF_GOAL1",382,34
918253,"Real Sociedad","FC Barcelona","01/14/2018 20:22:06","KO2",383,35
918253,"Real Sociedad","FC Barcelona","01/14/2018 20:22:06","SAFE2",384,35
918253,"Real Sociedad","FC Barcelona","01/14/2018 20:22:15","AT2",385,35
918253,"Real Sociedad","FC Barcelona","01/14/2018 20:22:20","SAFE2",386,35
918253,"Real Sociedad","FC Barcelona","01/14/2018 20:22:31","AT2",387,36
918253,"Real Sociedad","FC Barcelona","01/14/2018 20:22:34","DANGER2",388,36
918253,"Real Sociedad","FC Barcelona","01/14/2018 20:22:34","DAT2",389,36
918253,"Real Sociedad","FC Barcelona","01/14/2018 20:22:55","Possible Free Kick",390,36
918253,"Real Sociedad","FC Barcelona","01/14/2018 20:22:57","SAFE1",392,36
918253,"Real Sociedad","FC Barcelona","01/14/2018 20:22:57","F2",393,36
918253,"Real Sociedad","FC Barcelona","01/14/2018 20:22:57","FK1",394,36
918253,"Real Sociedad","FC Barcelona","01/14/2018 20:22:57","Ball Position",395,36
918253,"Real Sociedad","FC Barcelona","01/14/2018 20:23:01","Restart",396,36
918253,"Real Sociedad","FC Barcelona","01/14/2018 20:23:04","Player_DATA_CONFIRMED",397,36
918253,"Real Sociedad","FC Barcelona","01/14/2018 20:23:05","Assist",398,36
918253,"Real Sociedad","FC Barcelona","01/14/2018 20:23:09","AT1",399,36
918253,"Real Sociedad","FC Barcelona","01/14/2018 20:23:11","DANGER1",400,36
918253,"Real Sociedad","FC Barcelona","01/14/2018 20:23:11","DAT1",401,36
918253,"Real Sociedad","FC Barcelona","01/14/2018 20:23:33","SAFE2",402,37
918253,"Real Sociedad","FC Barcelona","01/14/2018 20:23:37","AT2",403,37
918253,"Real Sociedad","FC Barcelona","01/14/2018 20:23:37","POSSIBLE_TI",404,37
918253,"Real Sociedad","FC Barcelona","01/14/2018 20:23:40","TI2",405,37
918253,"Real Sociedad","FC Barcelona","01/14/2018 20:23:45","Restart",406,37
918253,"Real Sociedad","FC Barcelona","01/14/2018 20:24:25","DANGER2",407,38
918253,"Real Sociedad","FC Barcelona","01/14/2018 20:24:25","DAT2",408,38
918253,"Real Sociedad","FC Barcelona","01/14/2018 20:24:39","POSSIBLE_TI",409,38
918253,"Real Sociedad","FC Barcelona","01/14/2018 20:24:41","TI1",410,38
918253,"Real Sociedad","FC Barcelona","01/14/2018 20:24:53","Restart",411,38
918253,"Real Sociedad","FC Barcelona","01/14/2018 20:24:55","SAFE1",412,38
918253,"Real Sociedad","FC Barcelona","01/14/2018 20:24:56","AT1",413,38
918253,"Real Sociedad","FC Barcelona","01/14/2018 20:24:56","DANGER1",414,38
918253,"Real Sociedad","FC Barcelona","01/14/2018 20:24:56","DAT1",415,38
918253,"Real Sociedad","FC Barcelona","01/14/2018 20:25:12","SAFE2",416,38
918253,"Real Sociedad","FC Barcelona","01/14/2018 20:25:18","AT2",417,38
918253,"Real Sociedad","FC Barcelona","01/14/2018 20:25:20","POSSIBLE_TI",418,38
918253,"Real Sociedad","FC Barcelona","01/14/2018 20:25:21","TI2",419,38
918253,"Real Sociedad","FC Barcelona","01/14/2018 20:25:24","Restart",420,39
918253,"Real Sociedad","FC Barcelona","01/14/2018 20:25:30","DANGER2",421,39
918253,"Real Sociedad","FC Barcelona","01/14/2018 20:25:30","DAT2",422,39
918253,"Real Sociedad","FC Barcelona","01/14/2018 20:25:40","GOAL2",423,39
918253,"Real Sociedad","FC Barcelona","01/14/2018 20:25:51","Scorer",424,39
918253,"Real Sociedad","FC Barcelona","01/14/2018 20:26:00","CONF_GOAL2",425,39
918253,"Real Sociedad","FC Barcelona","01/14/2018 20:26:14","KO1",426,39
918253,"Real Sociedad","FC Barcelona","01/14/2018 20:26:14","SAFE1",427,39
918253,"Real Sociedad","FC Barcelona","01/14/2018 20:26:28","AT1",428,40
918253,"Real Sociedad","FC Barcelona","01/14/2018 20:26:28","DANGER1",429,40
918253,"Real Sociedad","FC Barcelona","01/14/2018 20:26:28","DAT1",430,40
918253,"Real Sociedad","FC Barcelona","01/14/2018 20:26:39","POSSIBLE_TI",431,40
918253,"Real Sociedad","FC Barcelona","01/14/2018 20:26:40","TI1",432,40
918253,"Real Sociedad","FC Barcelona","01/14/2018 20:26:47","Restart",433,40
918253,"Real Sociedad","FC Barcelona","01/14/2018 20:26:53","SAFE1",434,40
918253,"Real Sociedad","FC Barcelona","01/14/2018 20:27:15","AT1",435,40
918253,"Real Sociedad","FC Barcelona","01/14/2018 20:27:21","DANGER1",436,40
918253,"Real Sociedad","FC Barcelona","01/14/2018 20:27:21","DAT1",437,40
918253,"Real Sociedad","FC Barcelona","01/14/2018 20:27:39","SAFE2",438,41
918253,"Real Sociedad","FC Barcelona","01/14/2018 20:27:42","GK2",439,41
918253,"Real Sociedad","FC Barcelona","01/14/2018 20:27:52","Restart",440,41
918253,"Real Sociedad","FC Barcelona","01/14/2018 20:28:06","AT1",441,41
918253,"Real Sociedad","FC Barcelona","01/14/2018 20:28:09","DANGER1",442,41
918253,"Real Sociedad","FC Barcelona","01/14/2018 20:28:09","DAT1",443,41
918253,"Real Sociedad","FC Barcelona","01/14/2018 20:28:20","POSSIBLE_TI",444,41
918253,"Real Sociedad","FC Barcelona","01/14/2018 20:28:21","TI1",445,41
918253,"Real Sociedad","FC Barcelona","01/14/2018 20:28:23","Restart",446,42
918253,"Real Sociedad","FC Barcelona","01/14/2018 20:28:33","Possible Free Kick",447,42
918253,"Real Sociedad","FC Barcelona","01/14/2018 20:28:34","Player_DATA_CONFIRMED",449,42
918253,"Real Sociedad","FC Barcelona","01/14/2018 20:28:34","Assist",450,42
918253,"Real Sociedad","FC Barcelona","01/14/2018 20:28:35","F2",451,42
918253,"Real Sociedad","FC Barcelona","01/14/2018 20:28:35","FK1",452,42
918253,"Real Sociedad","FC Barcelona","01/14/2018 20:28:35","DFK1",453,42
918253,"Real Sociedad","FC Barcelona","01/14/2018 20:28:35","Ball Position",454,42
918253,"Real Sociedad","FC Barcelona","01/14/2018 20:28:59","Restart",455,42
918253,"Real Sociedad","FC Barcelona","01/14/2018 20:29:29","SAFE2",456,43
918253,"Real Sociedad","FC Barcelona","01/14/2018 20:29:42","Possible Free Kick",457,43
918253,"Real Sociedad","FC Barcelona","01/14/2018 20:29:44","F1",459,43
918253,"Real Sociedad","FC Barcelona","01/14/2018 20:29:44","FK2",460,43
918253,"Real Sociedad","FC Barcelona","01/14/2018 20:29:45","Ball Position",461,43
918253,"Real Sociedad","FC Barcelona","01/14/2018 20:29:51","Restart",462,43
918253,"Real Sociedad","FC Barcelona","01/14/2018 20:29:54","AT2",463,43
918253,"Real Sociedad","FC Barcelona","01/14/2018 20:30:05","DANGER2",464,43
918253,"Real Sociedad","FC Barcelona","01/14/2018 20:30:05","DAT2",465,43
918253,"Real Sociedad","FC Barcelona","01/14/2018 20:30:36","Possible Free Kick",466,44
918253,"Real Sociedad","FC Barcelona","01/14/2018 20:30:37","F1",468,44
918253,"Real Sociedad","FC Barcelona","01/14/2018 20:30:37","FK2",469,44
918253,"Real Sociedad","FC Barcelona","01/14/2018 20:30:37","DFK2",470,44
918253,"Real Sociedad","FC Barcelona","01/14/2018 20:30:37","Ball Position",471,44
918253,"Real Sociedad","FC Barcelona","01/14/2018 20:30:57","Restart",472,44
918253,"Real Sociedad","FC Barcelona","01/14/2018 20:31:10","Possible Free Kick",473,44
918253,"Real Sociedad","FC Barcelona","01/14/2018 20:31:14","SAFE1",475,44
918253,"Real Sociedad","FC Barcelona","01/14/2018 20:31:14","O2",476,44
918253,"Real Sociedad","FC Barcelona","01/14/2018 20:31:14","FK1",477,44
918253,"Real Sociedad","FC Barcelona","01/14/2018 20:31:14","Ball Position",478,44
918253,"Real Sociedad","FC Barcelona","01/14/2018 20:31:37","Restart",479,45
918253,"Real Sociedad","FC Barcelona","01/14/2018 20:31:38","AT1",480,45
918253,"Real Sociedad","FC Barcelona","01/14/2018 20:31:38","DANGER1",481,45
918253,"Real Sociedad","FC Barcelona","01/14/2018 20:31:38","DAT1",482,45
918253,"Real Sociedad","FC Barcelona","01/14/2018 20:31:41","SAFE2",483,45
918253,"Real Sociedad","FC Barcelona","01/14/2018 20:31:42","AT2",484,45
918253,"Real Sociedad","FC Barcelona","01/14/2018 20:31:45","SAFE1",485,45
918253,"Real Sociedad","FC Barcelona","01/14/2018 20:31:47","AT1",486,45
918253,"Real Sociedad","FC Barcelona","01/14/2018 20:31:53","DANGER1",487,45
918253,"Real Sociedad","FC Barcelona","01/14/2018 20:31:53","DAT1",488,45
918253,"Real Sociedad","FC Barcelona","01/14/2018 20:32:17","Possible Free Kick",489,45
918253,"Real Sociedad","FC Barcelona","01/14/2018 20:32:19","F2",491,45
918253,"Real Sociedad","FC Barcelona","01/14/2018 20:32:19","FK1",492,45
918253,"Real Sociedad","FC Barcelona","01/14/2018 20:32:19","DFK1",493,45
918253,"Real Sociedad","FC Barcelona","01/14/2018 20:32:19","Ball Position",494,45
918253,"Real Sociedad","FC Barcelona","01/14/2018 20:32:25","Restart",495,46
918253,"Real Sociedad","FC Barcelona","01/14/2018 20:32:32","Stop RT1",496,46
918253,"Real Sociedad","FC Barcelona","01/14/2018 20:32:44","CONF_PERIOD_SCORE",497,45
918253,"Real Sociedad","FC Barcelona","01/14/2018 20:46:49","Players are coming out",498,45
918253,"Real Sociedad","FC Barcelona","01/14/2018 20:48:06","Game about to start",499,45
918253,"Real Sociedad","FC Barcelona","01/14/2018 20:48:29","Start RT2 Team 2",500,46
918253,"Real Sociedad","FC Barcelona","01/14/2018 20:48:58","AT2",501,46
918253,"Real Sociedad","FC Barcelona","01/14/2018 20:49:04","DANGER2",502,46
918253,"Real Sociedad","FC Barcelona","01/14/2018 20:49:04","DAT2",503,46
918253,"Real Sociedad","FC Barcelona","01/14/2018 20:49:10","SAFE2",504,46
918253,"Real Sociedad","FC Barcelona","01/14/2018 20:49:27","AT1",505,46
918253,"Real Sociedad","FC Barcelona","01/14/2018 20:49:27","DANGER1",506,46
918253,"Real Sociedad","FC Barcelona","01/14/2018 20:49:27","DAT1",507,46
918253,"Real Sociedad","FC Barcelona","01/14/2018 20:49:36","SHG1",508,47
918253,"Real Sociedad","FC Barcelona","01/14/2018 20:49:37","SAFE2",509,47
918253,"Real Sociedad","FC Barcelona","01/14/2018 20:49:47","AT2",510,47
918253,"Real Sociedad","FC Barcelona","01/14/2018 20:49:47","DANGER2",511,47
918253,"Real Sociedad","FC Barcelona","01/14/2018 20:49:47","DAT2",512,47
918253,"Real Sociedad","FC Barcelona","01/14/2018 20:50:03","SAFE2",513,47
918253,"Real Sociedad","FC Barcelona","01/14/2018 20:50:04","POSSIBLE_TI",514,47
918253,"Real Sociedad","FC Barcelona","01/14/2018 20:50:07","TI2",515,47
918253,"Real Sociedad","FC Barcelona","01/14/2018 20:50:07","Restart",516,47
918253,"Real Sociedad","FC Barcelona","01/14/2018 20:50:23","AT2",517,47
918253,"Real Sociedad","FC Barcelona","01/14/2018 20:50:31","SAFE2",518,48
918253,"Real Sociedad","FC Barcelona","01/14/2018 20:50:37","AT2",519,48
918253,"Real Sociedad","FC Barcelona","01/14/2018 20:50:38","DANGER2",520,48
918253,"Real Sociedad","FC Barcelona","01/14/2018 20:50:38","DAT2",521,48
918253,"Real Sociedad","FC Barcelona","01/14/2018 20:51:02","POSSIBLE_TI",522,48
918253,"Real Sociedad","FC Barcelona","01/14/2018 20:51:02","TI2",523,48
918253,"Real Sociedad","FC Barcelona","01/14/2018 20:51:06","Restart",524,48
918253,"Real Sociedad","FC Barcelona","01/14/2018 20:51:12","SAFE2",525,48
918253,"Real Sociedad","FC Barcelona","01/14/2018 20:51:30","AT2",526,49
918253,"Real Sociedad","FC Barcelona","01/14/2018 20:51:41","DANGER2",527,49
918253,"Real Sociedad","FC Barcelona","01/14/2018 20:51:41","DAT2",528,49
918253,"Real Sociedad","FC Barcelona","01/14/2018 20:51:59","PCR2",529,49
918253,"Real Sociedad","FC Barcelona","01/14/2018 20:52:07","CR2",530,49
918253,"Real Sociedad","FC Barcelona","01/14/2018 20:52:09","Ball Position",531,49
918253,"Real Sociedad","FC Barcelona","01/14/2018 20:52:21","Restart",532,49
918253,"Real Sociedad","FC Barcelona","01/14/2018 20:52:36","Possible Free Kick",533,50
918253,"Real Sociedad","FC Barcelona","01/14/2018 20:52:41","SAFE1",535,50
918253,"Real Sociedad","FC Barcelona","01/14/2018 20:52:41","O2",536,50
918253,"Real Sociedad","FC Barcelona","01/14/2018 20:52:41","FK1",537,50
918253,"Real Sociedad","FC Barcelona","01/14/2018 20:52:41","Ball Position",538,50
918253,"Real Sociedad","FC Barcelona","01/14/2018 20:53:01","Restart",539,50
918253,"Real Sociedad","FC Barcelona","01/14/2018 20:53:01","AT1",540,50
918253,"Real Sociedad","FC Barcelona","01/14/2018 20:53:04","DANGER1",541,50
918253,"Real Sociedad","FC Barcelona","01/14/2018 20:53:04","DAT1",542,50
918253,"Real Sociedad","FC Barcelona","01/14/2018 20:53:14","SAFE2",543,50
918253,"Real Sociedad","FC Barcelona","01/14/2018 20:53:15","AT2",544,50
918253,"Real Sociedad","FC Barcelona","01/14/2018 20:53:17","DANGER2",545,50
918253,"Real Sociedad","FC Barcelona","01/14/2018 20:53:17","DAT2",546,50
918253,"Real Sociedad","FC Barcelona","01/14/2018 20:53:25","GOAL2",547,50
918253,"Real Sociedad","FC Barcelona","01/14/2018 20:53:31","Scorer",548,51
918253,"Real Sociedad","FC Barcelona","01/14/2018 20:53:32","CONF_GOAL2",549,51
918253,"Real Sociedad","FC Barcelona","01/14/2018 20:54:27","KO1",550,51
918253,"Real Sociedad","FC Barcelona","01/14/2018 20:54:27","SAFE1",551,51
918253,"Real Sociedad","FC Barcelona","01/14/2018 20:54:35","AT1",552,52
918253,"Real Sociedad","FC Barcelona","01/14/2018 20:54:35","DANGER1",553,52
918253,"Real Sociedad","FC Barcelona","01/14/2018 20:54:35","DAT1",554,52
918253,"Real Sociedad","FC Barcelona","01/14/2018 20:54:38","POSSIBLE_TI",555,52
918253,"Real Sociedad","FC Barcelona","01/14/2018 20:54:40","TI1",556,52
918253,"Real Sociedad","FC Barcelona","01/14/2018 20:54:44","Restart",557,52
918253,"Real Sociedad","FC Barcelona","01/14/2018 20:54:49","POSSIBLE_TI",558,52
918253,"Real Sociedad","FC Barcelona","01/14/2018 20:54:50","TI1",559,52
918253,"Real Sociedad","FC Barcelona","01/14/2018 20:54:54","Restart",560,52
918253,"Real Sociedad","FC Barcelona","01/14/2018 20:55:05","Player_DATA_CONFIRMED",561,52
918253,"Real Sociedad","FC Barcelona","01/14/2018 20:55:05","Assist",562,52
918253,"Real Sociedad","FC Barcelona","01/14/2018 20:55:10","Possible Free Kick",563,52
918253,"Real Sociedad","FC Barcelona","01/14/2018 20:55:12","SAFE2",565,52
918253,"Real Sociedad","FC Barcelona","01/14/2018 20:55:12","O1",566,52
918253,"Real Sociedad","FC Barcelona","01/14/2018 20:55:12","FK2",567,52
918253,"Real Sociedad","FC Barcelona","01/14/2018 20:55:12","Ball Position",568,52
918253,"Real Sociedad","FC Barcelona","01/14/2018 20:55:18","Restart",569,52
918253,"Real Sociedad","FC Barcelona","01/14/2018 20:55:21","AT2",570,52
918253,"Real Sociedad","FC Barcelona","01/14/2018 20:55:24","SAFE1",571,52
918253,"Real Sociedad","FC Barcelona","01/14/2018 20:55:27","AT1",572,52
918253,"Real Sociedad","FC Barcelona","01/14/2018 20:55:27","DANGER1",573,52
918253,"Real Sociedad","FC Barcelona","01/14/2018 20:55:27","DAT1",574,52
918253,"Real Sociedad","FC Barcelona","01/14/2018 20:55:31","SAFE2",575,53
918253,"Real Sociedad","FC Barcelona","01/14/2018 20:55:39","AT2",576,53
918253,"Real Sociedad","FC Barcelona","01/14/2018 20:55:48","DANGER2",577,53
918253,"Real Sociedad","FC Barcelona","01/14/2018 20:55:48","DAT2",578,53
918253,"Real Sociedad","FC Barcelona","01/14/2018 20:55:50","POSSIBLE_TI",579,53
918253,"Real Sociedad","FC Barcelona","01/14/2018 20:55:52","TI2",580,53
918253,"Real Sociedad","FC Barcelona","01/14/2018 20:55:55","Restart",581,53
918253,"Real Sociedad","FC Barcelona","01/14/2018 20:56:09","Possible Free Kick",582,53
918253,"Real Sociedad","FC Barcelona","01/14/2018 20:56:12","F1",584,53
918253,"Real Sociedad","FC Barcelona","01/14/2018 20:56:12","FK2",585,53
918253,"Real Sociedad","FC Barcelona","01/14/2018 20:56:12","DFK2",586,53
918253,"Real Sociedad","FC Barcelona","01/14/2018 20:56:12","Ball Position",587,53
918253,"Real Sociedad","FC Barcelona","01/14/2018 20:56:35","Restart",588,54
918253,"Real Sociedad","FC Barcelona","01/14/2018 20:56:39","SAFE1",589,54
918253,"Real Sociedad","FC Barcelona","01/14/2018 20:56:41","AT1",590,54
918253,"Real Sociedad","FC Barcelona","01/14/2018 20:56:41","DANGER1",591,54
918253,"Real Sociedad","FC Barcelona","01/14/2018 20:56:41","DAT1",592,54
918253,"Real Sociedad","FC Barcelona","01/14/2018 20:56:49","SAFE2",593,54
918253,"Real Sociedad","FC Barcelona","01/14/2018 20:57:03","AT2",594,54
918253,"Real Sociedad","FC Barcelona","01/14/2018 20:57:06","AT1",595,54
918253,"Real Sociedad","FC Barcelona","01/14/2018 20:57:06","DANGER1",596,54
918253,"Real Sociedad","FC Barcelona","01/14/2018 20:57:06","DAT1",597,54
918253,"Real Sociedad","FC Barcelona","01/14/2018 20:57:31","SAFE2",598,55
918253,"Real Sociedad","FC Barcelona","01/14/2018 20:57:35","Injury Break",599,55
918253,"Real Sociedad","FC Barcelona","01/14/2018 20:58:31","SUB1",600,56
918253,"Real Sociedad","FC Barcelona","01/14/2018 20:58:37","Referee Ball",601,56
918253,"Real Sociedad","FC Barcelona","01/14/2018 20:58:51","Restart",602,56
918253,"Real Sociedad","FC Barcelona","01/14/2018 20:58:58","POSSIBLE_TI",603,56
918253,"Real Sociedad","FC Barcelona","01/14/2018 20:58:58","TI2",604,56
918253,"Real Sociedad","FC Barcelona","01/14/2018 20:58:59","Restart",605,56
918253,"Real Sociedad","FC Barcelona","01/14/2018 20:59:03","AT2",606,56
918253,"Real Sociedad","FC Barcelona","01/14/2018 20:59:06","SAFE1",607,56
918253,"Real Sociedad","FC Barcelona","01/14/2018 20:59:08","AT1",608,56
918253,"Real Sociedad","FC Barcelona","01/14/2018 20:59:17","Possible Free Kick",609,56
918253,"Real Sociedad","FC Barcelona","01/14/2018 20:59:19","F2",611,56
918253,"Real Sociedad","FC Barcelona","01/14/2018 20:59:19","FK1",612,56
918253,"Real Sociedad","FC Barcelona","01/14/2018 20:59:19","DANGER1",613,56
918253,"Real Sociedad","FC Barcelona","01/14/2018 20:59:19","DFK1",614,56
918253,"Real Sociedad","FC Barcelona","01/14/2018 20:59:19","Ball Position",615,56
918253,"Real Sociedad","FC Barcelona","01/14/2018 20:59:26","Restart",616,56
918253,"Real Sociedad","FC Barcelona","01/14/2018 20:59:29","SAFE2",617,57
918253,"Real Sociedad","FC Barcelona","01/14/2018 20:59:30","AT2",618,57
918253,"Real Sociedad","FC Barcelona","01/14/2018 20:59:34","AT1",619,57
918253,"Real Sociedad","FC Barcelona","01/14/2018 20:59:34","DANGER1",620,57
918253,"Real Sociedad","FC Barcelona","01/14/2018 20:59:34","DAT1",621,57
918253,"Real Sociedad","FC Barcelona","01/14/2018 20:59:41","SAFE2",622,57
918253,"Real Sociedad","FC Barcelona","01/14/2018 20:59:53","AT2",623,57
918253,"Real Sociedad","FC Barcelona","01/14/2018 20:59:57","POSSIBLE_TI",624,57
918253,"Real Sociedad","FC Barcelona","01/14/2018 20:59:58","TI2",625,57
918253,"Real Sociedad","FC Barcelona","01/14/2018 21:00:00","Restart",626,57
918253,"Real Sociedad","FC Barcelona","01/14/2018 21:00:03","SAFE2",627,57
918253,"Real Sociedad","FC Barcelona","01/14/2018 21:00:18","SUB_UPDATE",628,57
918253,"Real Sociedad","FC Barcelona","01/14/2018 21:00:19","Player_DATA_CONFIRMED",629,57
918253,"Real Sociedad","FC Barcelona","01/14/2018 21:00:19","AT2",630,57
918253,"Real Sociedad","FC Barcelona","01/14/2018 21:00:19","DANGER2",631,57
918253,"Real Sociedad","FC Barcelona","01/14/2018 21:00:19","DAT2",632,57
918253,"Real Sociedad","FC Barcelona","01/14/2018 21:00:22","SAFE1",633,57
918253,"Real Sociedad","FC Barcelona","01/14/2018 21:00:25","AT1",634,57
918253,"Real Sociedad","FC Barcelona","01/14/2018 21:00:25","DANGER1",635,57
918253,"Real Sociedad","FC Barcelona","01/14/2018 21:00:25","DAT1",636,57
918253,"Real Sociedad","FC Barcelona","01/14/2018 21:00:27","SAFE2",637,57
918253,"Real Sociedad","FC Barcelona","01/14/2018 21:00:30","AT2",638,58
918253,"Real Sociedad","FC Barcelona","01/14/2018 21:00:37","DANGER2",639,58
918253,"Real Sociedad","FC Barcelona","01/14/2018 21:00:37","DAT2",640,58
918253,"Real Sociedad","FC Barcelona","01/14/2018 21:00:45","Possible Free Kick",641,58
918253,"Real Sociedad","FC Barcelona","01/14/2018 21:00:49","SAFE1",643,58
918253,"Real Sociedad","FC Barcelona","01/14/2018 21:00:49","O2",644,58
918253,"Real Sociedad","FC Barcelona","01/14/2018 21:00:49","FK1",645,58
918253,"Real Sociedad","FC Barcelona","01/14/2018 21:00:49","Ball Position",646,58
918253,"Real Sociedad","FC Barcelona","01/14/2018 21:01:05","Restart",647,58
918253,"Real Sociedad","FC Barcelona","01/14/2018 21:01:06","AT1",648,58
918253,"Real Sociedad","FC Barcelona","01/14/2018 21:01:12","SAFE2",649,58
918253,"Real Sociedad","FC Barcelona","01/14/2018 21:01:13","AT2",650,58
918253,"Real Sociedad","FC Barcelona","01/14/2018 21:01:16","DANGER2",651,58
918253,"Real Sociedad","FC Barcelona","01/14/2018 21:01:16","DAT2",652,58
918253,"Real Sociedad","FC Barcelona","01/14/2018 21:01:27","SAFE1",653,58
918253,"Real Sociedad","FC Barcelona","01/14/2018 21:01:33","AT2",654,59
918253,"Real Sociedad","FC Barcelona","01/14/2018 21:01:33","DANGER2",655,59
918253,"Real Sociedad","FC Barcelona","01/14/2018 21:01:33","DAT2",656,59
918253,"Real Sociedad","FC Barcelona","01/14/2018 21:01:44","SAFE1",657,59
918253,"Real Sociedad","FC Barcelona","01/14/2018 21:01:51","AT1",658,59
918253,"Real Sociedad","FC Barcelona","01/14/2018 21:01:55","DANGER1",659,59
918253,"Real Sociedad","FC Barcelona","01/14/2018 21:01:55","DAT1",660,59
918253,"Real Sociedad","FC Barcelona","01/14/2018 21:02:02","POSSIBLE_TI",661,59
918253,"Real Sociedad","FC Barcelona","01/14/2018 21:02:08","TI1",662,59
918253,"Real Sociedad","FC Barcelona","01/14/2018 21:02:23","SUB1",663,59
918253,"Real Sociedad","FC Barcelona","01/14/2018 21:02:54","Restart",664,60
918253,"Real Sociedad","FC Barcelona","01/14/2018 21:03:10","POSSIBLE_CARDS",665,60
918253,"Real Sociedad","FC Barcelona","01/14/2018 21:03:15","YC2",666,60
918253,"Real Sociedad","FC Barcelona","01/14/2018 21:03:17","CONF_YC2",667,60
918253,"Real Sociedad","FC Barcelona","01/14/2018 21:03:27","Scorer",668,60
918253,"Real Sociedad","FC Barcelona","01/14/2018 21:03:31","POSSIBLE_TI",669,61
918253,"Real Sociedad","FC Barcelona","01/14/2018 21:03:31","Player_DATA_CONFIRMED",670,61
918253,"Real Sociedad","FC Barcelona","01/14/2018 21:03:31","Player_DATA_CONFIRMED",671,61
918253,"Real Sociedad","FC Barcelona","01/14/2018 21:03:32","Player_DATA_CONFIRMED",672,61
918253,"Real Sociedad","FC Barcelona","01/14/2018 21:03:32","TI1",673,61
918253,"Real Sociedad","FC Barcelona","01/14/2018 21:03:38","Restart",674,61
918253,"Real Sociedad","FC Barcelona","01/14/2018 21:04:27","POSSIBLE_TI",675,61
918253,"Real Sociedad","FC Barcelona","01/14/2018 21:04:29","TI1",676,61
918253,"Real Sociedad","FC Barcelona","01/14/2018 21:04:43","Restart",677,62
918253,"Real Sociedad","FC Barcelona","01/14/2018 21:04:57","PCR1",678,62
918253,"Real Sociedad","FC Barcelona","01/14/2018 21:05:01","CR1",679,62
918253,"Real Sociedad","FC Barcelona","01/14/2018 21:05:02","Ball Position",680,62
918253,"Real Sociedad","FC Barcelona","01/14/2018 21:05:22","Restart",681,62
918253,"Real Sociedad","FC Barcelona","01/14/2018 21:05:27","SHB1",682,62
918253,"Real Sociedad","FC Barcelona","01/14/2018 21:05:29","SAFE2",683,62
918253,"Real Sociedad","FC Barcelona","01/14/2018 21:05:31","GK2",684,63
918253,"Real Sociedad","FC Barcelona","01/14/2018 21:05:38","Restart",685,63
918253,"Real Sociedad","FC Barcelona","01/14/2018 21:05:43","AT2",686,63
918253,"Real Sociedad","FC Barcelona","01/14/2018 21:05:48","DANGER2",687,63
918253,"Real Sociedad","FC Barcelona","01/14/2018 21:05:48","DAT2",688,63
918253,"Real Sociedad","FC Barcelona","01/14/2018 21:05:54","POSSIBLE_CARDS",689,63
918253,"Real Sociedad","FC Barcelona","01/14/2018 21:06:00","YC1",690,63
918253,"Real Sociedad","FC Barcelona","01/14/2018 21:06:03","CONF_YC1",691,63
918253,"Real Sociedad","FC Barcelona","01/14/2018 21:06:07","Scorer",692,63
918253,"Real Sociedad","FC Barcelona","01/14/2018 21:06:10","Possible Free Kick",693,63
918253,"Real Sociedad","FC Barcelona","01/14/2018 21:06:12","F1",695,63
918253,"Real Sociedad","FC Barcelona","01/14/2018 21:06:12","FK2",696,63
918253,"Real Sociedad","FC Barcelona","01/14/2018 21:06:12","DFK2",697,63
918253,"Real Sociedad","FC Barcelona","01/14/2018 21:06:12","Ball Position",698,63
918253,"Real Sociedad","FC Barcelona","01/14/2018 21:06:50","Restart",699,64
918253,"Real Sociedad","FC Barcelona","01/14/2018 21:06:58","BLOCKED2",700,64
918253,"Real Sociedad","FC Barcelona","01/14/2018 21:07:04","SAFE2",701,64
918253,"Real Sociedad","FC Barcelona","01/14/2018 21:07:09","AT2",702,64
918253,"Real Sociedad","FC Barcelona","01/14/2018 21:07:11","SAFE1",703,64
918253,"Real Sociedad","FC Barcelona","01/14/2018 21:07:14","AT1",704,64
918253,"Real Sociedad","FC Barcelona","01/14/2018 21:07:22","DANGER1",705,64
918253,"Real Sociedad","FC Barcelona","01/14/2018 21:07:22","DAT1",706,64
918253,"Real Sociedad","FC Barcelona","01/14/2018 21:07:43","POSSIBLE_TI",707,65
918253,"Real Sociedad","FC Barcelona","01/14/2018 21:07:44","TI1",708,65
918253,"Real Sociedad","FC Barcelona","01/14/2018 21:07:47","Restart",709,65
918253,"Real Sociedad","FC Barcelona","01/14/2018 21:07:59","Possible Free Kick",710,65
918253,"Real Sociedad","FC Barcelona","01/14/2018 21:08:01","SAFE2",712,65
918253,"Real Sociedad","FC Barcelona","01/14/2018 21:08:01","O1",713,65
918253,"Real Sociedad","FC Barcelona","01/14/2018 21:08:01","FK2",714,65
918253,"Real Sociedad","FC Barcelona","01/14/2018 21:08:01","Ball Position",715,65
918253,"Real Sociedad","FC Barcelona","01/14/2018 21:08:05","Player_DATA_CONFIRMED",716,65
918253,"Real Sociedad","FC Barcelona","01/14/2018 21:08:13","SUB2",717,65
918253,"Real Sociedad","FC Barcelona","01/14/2018 21:08:25","Restart",718,65
918253,"Real Sociedad","FC Barcelona","01/14/2018 21:08:32","Player_DATA_CONFIRMED",719,66
918253,"Real Sociedad","FC Barcelona","01/14/2018 21:08:35","AT2",720,66
918253,"Real Sociedad","FC Barcelona","01/14/2018 21:08:41","SAFE1",721,66
918253,"Real Sociedad","FC Barcelona","01/14/2018 21:08:42","AT1",722,66
918253,"Real Sociedad","FC Barcelona","01/14/2018 21:08:43","POSSIBLE_TI",723,66
918253,"Real Sociedad","FC Barcelona","01/14/2018 21:08:44","TI1",724,66
918253,"Real Sociedad","FC Barcelona","01/14/2018 21:08:48","Restart",725,66
918253,"Real Sociedad","FC Barcelona","01/14/2018 21:08:56","DANGER1",726,66
918253,"Real Sociedad","FC Barcelona","01/14/2018 21:08:56","DAT1",727,66
918253,"Real Sociedad","FC Barcelona","01/14/2018 21:08:58","SAFE2",728,66
918253,"Real Sociedad","FC Barcelona","01/14/2018 21:09:00","AT2",729,66
918253,"Real Sociedad","FC Barcelona","01/14/2018 21:09:02","DANGER2",730,66
918253,"Real Sociedad","FC Barcelona","01/14/2018 21:09:02","DAT2",731,66
918253,"Real Sociedad","FC Barcelona","01/14/2018 21:09:04","POSSIBLE_TI",732,66
918253,"Real Sociedad","FC Barcelona","01/14/2018 21:09:05","TI2",733,66
918253,"Real Sociedad","FC Barcelona","01/14/2018 21:09:15","Restart",734,66
918253,"Real Sociedad","FC Barcelona","01/14/2018 21:09:23","SAFE1",735,66
918253,"Real Sociedad","FC Barcelona","01/14/2018 21:09:37","AT2",736,67
918253,"Real Sociedad","FC Barcelona","01/14/2018 21:09:37","DANGER2",737,67
918253,"Real Sociedad","FC Barcelona","01/14/2018 21:09:37","DAT2",738,67
918253,"Real Sociedad","FC Barcelona","01/14/2018 21:09:43","POSSIBLE_TI",739,67
918253,"Real Sociedad","FC Barcelona","01/14/2018 21:09:44","TI2",740,67
918253,"Real Sociedad","FC Barcelona","01/14/2018 21:09:48","Restart",741,67
918253,"Real Sociedad","FC Barcelona","01/14/2018 21:09:52","SAFE1",742,67
918253,"Real Sociedad","FC Barcelona","01/14/2018 21:09:56","AT1",743,67
918253,"Real Sociedad","FC Barcelona","01/14/2018 21:09:56","DANGER1",744,67
918253,"Real Sociedad","FC Barcelona","01/14/2018 21:09:56","DAT1",745,67
918253,"Real Sociedad","FC Barcelona","01/14/2018 21:10:17","SAFE1",746,67
918253,"Real Sociedad","FC Barcelona","01/14/2018 21:10:29","SAFE2",747,68
918253,"Real Sociedad","FC Barcelona","01/14/2018 21:10:48","AT2",748,68
918253,"Real Sociedad","FC Barcelona","01/14/2018 21:10:55","AT1",749,68
918253,"Real Sociedad","FC Barcelona","01/14/2018 21:10:55","DANGER1",750,68
918253,"Real Sociedad","FC Barcelona","01/14/2018 21:10:55","DAT1",751,68
918253,"Real Sociedad","FC Barcelona","01/14/2018 21:11:06","PCR1",752,68
918253,"Real Sociedad","FC Barcelona","01/14/2018 21:11:11","CR1",753,68
918253,"Real Sociedad","FC Barcelona","01/14/2018 21:11:13","Ball Position",754,68
918253,"Real Sociedad","FC Barcelona","01/14/2018 21:11:14","Restart",755,68
918253,"Real Sociedad","FC Barcelona","01/14/2018 21:11:22","SAFE1",756,68
918253,"Real Sociedad","FC Barcelona","01/14/2018 21:11:32","AT1",757,69
918253,"Real Sociedad","FC Barcelona","01/14/2018 21:11:33","AT2",758,69
918253,"Real Sociedad","FC Barcelona","01/14/2018 21:11:33","DANGER2",759,69
918253,"Real Sociedad","FC Barcelona","01/14/2018 21:11:33","DAT2",760,69
918253,"Real Sociedad","FC Barcelona","01/14/2018 21:11:54","SAFE1",761,69
918253,"Real Sociedad","FC Barcelona","01/14/2018 21:12:00","AT2",762,69
918253,"Real Sociedad","FC Barcelona","01/14/2018 21:12:12","Possible Free Kick",763,69
918253,"Real Sociedad","FC Barcelona","01/14/2018 21:12:13","F1",765,69
918253,"Real Sociedad","FC Barcelona","01/14/2018 21:12:13","FK2",766,69
918253,"Real Sociedad","FC Barcelona","01/14/2018 21:12:13","DANGER2",767,69
918253,"Real Sociedad","FC Barcelona","01/14/2018 21:12:13","DFK2",768,69
918253,"Real Sociedad","FC Barcelona","01/14/2018 21:12:13","Ball Position",769,69
918253,"Real Sociedad","FC Barcelona","01/14/2018 21:12:17","Restart",770,69
918253,"Real Sociedad","FC Barcelona","01/14/2018 21:12:37","BLOCKED2",771,70
918253,"Real Sociedad","FC Barcelona","01/14/2018 21:12:48","POSSIBLE_TI",772,70
918253,"Real Sociedad","FC Barcelona","01/14/2018 21:12:50","TI2",773,70
918253,"Real Sociedad","FC Barcelona","01/14/2018 21:12:57","Restart",774,70
918253,"Real Sociedad","FC Barcelona","01/14/2018 21:13:14","SAFE1",775,70
918253,"Real Sociedad","FC Barcelona","01/14/2018 21:13:16","AT1",776,70
918253,"Real Sociedad","FC Barcelona","01/14/2018 21:13:19","DANGER1",777,70
918253,"Real Sociedad","FC Barcelona","01/14/2018 21:13:19","DAT1",778,70
918253,"Real Sociedad","FC Barcelona","01/14/2018 21:13:33","SAFE2",779,71
918253,"Real Sociedad","FC Barcelona","01/14/2018 21:13:34","AT2",780,71
918253,"Real Sociedad","FC Barcelona","01/14/2018 21:13:36","DANGER2",781,71
918253,"Real Sociedad","FC Barcelona","01/14/2018 21:13:36","DAT2",782,71
918253,"Real Sociedad","FC Barcelona","01/14/2018 21:13:43","SAFE1",783,71
918253,"Real Sociedad","FC Barcelona","01/14/2018 21:13:56","AT1",784,71
918253,"Real Sociedad","FC Barcelona","01/14/2018 21:14:00","SAFE1",785,71
918253,"Real Sociedad","FC Barcelona","01/14/2018 21:14:14","AT1",786,71
918253,"Real Sociedad","FC Barcelona","01/14/2018 21:14:17","AT2",787,71
918253,"Real Sociedad","FC Barcelona","01/14/2018 21:14:17","DANGER2",788,71
918253,"Real Sociedad","FC Barcelona","01/14/2018 21:14:17","DAT2",789,71
918253,"Real Sociedad","FC Barcelona","01/14/2018 21:14:21","GOAL2",790,71
918253,"Real Sociedad","FC Barcelona","01/14/2018 21:14:34","Scorer",791,72
918253,"Real Sociedad","FC Barcelona","01/14/2018 21:14:45","CONF_GOAL2",792,72
918253,"Real Sociedad","FC Barcelona","01/14/2018 21:15:22","KO1",793,72
918253,"Real Sociedad","FC Barcelona","01/14/2018 21:15:22","SAFE1",794,72
918253,"Real Sociedad","FC Barcelona","01/14/2018 21:15:35","AT2",795,73
918253,"Real Sociedad","FC Barcelona","01/14/2018 21:15:35","DANGER2",796,73
918253,"Real Sociedad","FC Barcelona","01/14/2018 21:15:35","DAT2",797,73
918253,"Real Sociedad","FC Barcelona","01/14/2018 21:15:39","Player_DATA_CONFIRMED",798,73
918253,"Real Sociedad","FC Barcelona","01/14/2018 21:15:39","Assist",799,73
918253,"Real Sociedad","FC Barcelona","01/14/2018 21:15:41","Possible Free Kick",800,73
918253,"Real Sociedad","FC Barcelona","01/14/2018 21:15:46","SAFE1",802,73
918253,"Real Sociedad","FC Barcelona","01/14/2018 21:15:46","F2",803,73
918253,"Real Sociedad","FC Barcelona","01/14/2018 21:15:46","FK1",804,73
918253,"Real Sociedad","FC Barcelona","01/14/2018 21:15:46","Ball Position",805,73
918253,"Real Sociedad","FC Barcelona","01/14/2018 21:15:54","Restart",806,73
918253,"Real Sociedad","FC Barcelona","01/14/2018 21:16:02","AT1",807,73
918253,"Real Sociedad","FC Barcelona","01/14/2018 21:16:13","DANGER1",808,73
918253,"Real Sociedad","FC Barcelona","01/14/2018 21:16:13","DAT1",809,73
918253,"Real Sociedad","FC Barcelona","01/14/2018 21:17:08","SHB1",810,74
918253,"Real Sociedad","FC Barcelona","01/14/2018 21:17:10","SAFE2",811,74
918253,"Real Sociedad","FC Barcelona","01/14/2018 21:17:16","GK2",812,74
918253,"Real Sociedad","FC Barcelona","01/14/2018 21:17:20","Restart",813,74
918253,"Real Sociedad","FC Barcelona","01/14/2018 21:17:32","AT2",814,75
918253,"Real Sociedad","FC Barcelona","01/14/2018 21:17:36","Possible Free Kick",815,75
918253,"Real Sociedad","FC Barcelona","01/14/2018 21:17:38","SAFE2",817,75
918253,"Real Sociedad","FC Barcelona","01/14/2018 21:17:38","F1",818,75
918253,"Real Sociedad","FC Barcelona","01/14/2018 21:17:38","FK2",819,75
918253,"Real Sociedad","FC Barcelona","01/14/2018 21:17:38","Ball Position",820,75
918253,"Real Sociedad","FC Barcelona","01/14/2018 21:18:04","Restart",821,75
918253,"Real Sociedad","FC Barcelona","01/14/2018 21:18:05","AT2",822,75
918253,"Real Sociedad","FC Barcelona","01/14/2018 21:18:05","DANGER2",823,75
918253,"Real Sociedad","FC Barcelona","01/14/2018 21:18:05","DAT2",824,75
918253,"Real Sociedad","FC Barcelona","01/14/2018 21:18:09","POSSIBLE_TI",825,75
918253,"Real Sociedad","FC Barcelona","01/14/2018 21:18:11","TI2",826,75
918253,"Real Sociedad","FC Barcelona","01/14/2018 21:18:14","Restart",827,75
918253,"Real Sociedad","FC Barcelona","01/14/2018 21:18:17","POSSIBLE_CARDS",828,75
918253,"Real Sociedad","FC Barcelona","01/14/2018 21:18:29","NO_Cards",829,75
918253,"Real Sociedad","FC Barcelona","01/14/2018 21:18:32","Possible Free Kick",830,76
918253,"Real Sociedad","FC Barcelona","01/14/2018 21:18:35","F1",832,76
918253,"Real Sociedad","FC Barcelona","01/14/2018 21:18:35","FK2",833,76
918253,"Real Sociedad","FC Barcelona","01/14/2018 21:18:35","DFK2",834,76
918253,"Real Sociedad","FC Barcelona","01/14/2018 21:18:35","Ball Position",835,76
918253,"Real Sociedad","FC Barcelona","01/14/2018 21:19:02","Restart",836,76
918253,"Real Sociedad","FC Barcelona","01/14/2018 21:19:05","SHB2",837,76
918253,"Real Sociedad","FC Barcelona","01/14/2018 21:19:08","SAFE1",838,76
918253,"Real Sociedad","FC Barcelona","01/14/2018 21:19:09","GK1",839,76
918253,"Real Sociedad","FC Barcelona","01/14/2018 21:19:13","Restart",840,76
918253,"Real Sociedad","FC Barcelona","01/14/2018 21:19:18","AT1",841,76
918253,"Real Sociedad","FC Barcelona","01/14/2018 21:19:21","AT2",842,76
918253,"Real Sociedad","FC Barcelona","01/14/2018 21:19:21","DANGER2",843,76
918253,"Real Sociedad","FC Barcelona","01/14/2018 21:19:21","DAT2",844,76
918253,"Real Sociedad","FC Barcelona","01/14/2018 21:19:58","SAFE2",845,77
918253,"Real Sociedad","FC Barcelona","01/14/2018 21:20:08","AT1",846,77
918253,"Real Sociedad","FC Barcelona","01/14/2018 21:20:08","DANGER1",847,77
918253,"Real Sociedad","FC Barcelona","01/14/2018 21:20:08","DAT1",848,77
918253,"Real Sociedad","FC Barcelona","01/14/2018 21:20:14","SAFE1",849,77
918253,"Real Sociedad","FC Barcelona","01/14/2018 21:20:29","AT1",850,78
918253,"Real Sociedad","FC Barcelona","01/14/2018 21:20:48","SAFE1",851,78
918253,"Real Sociedad","FC Barcelona","01/14/2018 21:20:58","AT1",852,78
918253,"Real Sociedad","FC Barcelona","01/14/2018 21:21:02","Possible Free Kick",853,78
918253,"Real Sociedad","FC Barcelona","01/14/2018 21:21:05","F2",855,78
918253,"Real Sociedad","FC Barcelona","01/14/2018 21:21:05","FK1",856,78
918253,"Real Sociedad","FC Barcelona","01/14/2018 21:21:05","DANGER1",857,78
918253,"Real Sociedad","FC Barcelona","01/14/2018 21:21:05","DFK1",858,78
918253,"Real Sociedad","FC Barcelona","01/14/2018 21:21:05","Ball Position",859,78
918253,"Real Sociedad","FC Barcelona","01/14/2018 21:21:30","SUB1",860,79
918253,"Real Sociedad","FC Barcelona","01/14/2018 21:21:32","Restart",861,79
918253,"Real Sociedad","FC Barcelona","01/14/2018 21:21:48","Player_DATA_CONFIRMED",862,79
918253,"Real Sociedad","FC Barcelona","01/14/2018 21:21:53","Possible Free Kick",863,79
918253,"Real Sociedad","FC Barcelona","01/14/2018 21:21:54","SAFE2",865,79
918253,"Real Sociedad","FC Barcelona","01/14/2018 21:21:54","F1",866,79
918253,"Real Sociedad","FC Barcelona","01/14/2018 21:21:54","FK2",867,79
918253,"Real Sociedad","FC Barcelona","01/14/2018 21:21:54","Ball Position",868,79
918253,"Real Sociedad","FC Barcelona","01/14/2018 21:22:14","Restart",869,79
918253,"Real Sociedad","FC Barcelona","01/14/2018 21:22:16","AT2",870,79
918253,"Real Sociedad","FC Barcelona","01/14/2018 21:22:16","DANGER2",871,79
918253,"Real Sociedad","FC Barcelona","01/14/2018 21:22:16","DAT2",872,79
918253,"Real Sociedad","FC Barcelona","01/14/2018 21:22:20","SAFE1",873,79
918253,"Real Sociedad","FC Barcelona","01/14/2018 21:22:30","AT2",874,80
918253,"Real Sociedad","FC Barcelona","01/14/2018 21:22:42","DANGER2",875,80
918253,"Real Sociedad","FC Barcelona","01/14/2018 21:22:42","DAT2",876,80
918253,"Real Sociedad","FC Barcelona","01/14/2018 21:22:44","POSSIBLE_TI",877,80
918253,"Real Sociedad","FC Barcelona","01/14/2018 21:22:45","TI2",878,80
918253,"Real Sociedad","FC Barcelona","01/14/2018 21:23:03","SUB2",879,80
918253,"Real Sociedad","FC Barcelona","01/14/2018 21:23:18","Restart",880,80
918253,"Real Sociedad","FC Barcelona","01/14/2018 21:23:35","SAFE1",881,81
918253,"Real Sociedad","FC Barcelona","01/14/2018 21:23:49","AT1",882,81
918253,"Real Sociedad","FC Barcelona","01/14/2018 21:23:51","DANGER1",883,81
918253,"Real Sociedad","FC Barcelona","01/14/2018 21:23:51","DAT1",884,81
918253,"Real Sociedad","FC Barcelona","01/14/2018 21:23:55","POSSIBLE_TI",885,81
918253,"Real Sociedad","FC Barcelona","01/14/2018 21:23:56","TI2",886,81
918253,"Real Sociedad","FC Barcelona","01/14/2018 21:24:02","Restart",887,81
918253,"Real Sociedad","FC Barcelona","01/14/2018 21:24:08","SAFE2",888,81
918253,"Real Sociedad","FC Barcelona","01/14/2018 21:24:15","AT2",889,81
918253,"Real Sociedad","FC Barcelona","01/14/2018 21:24:15","DANGER2",890,81
918253,"Real Sociedad","FC Barcelona","01/14/2018 21:24:15","DAT2",891,81
918253,"Real Sociedad","FC Barcelona","01/14/2018 21:24:29","POSSIBLE_TI",892,81
918253,"Real Sociedad","FC Barcelona","01/14/2018 21:24:30","TI1",893,82
918253,"Real Sociedad","FC Barcelona","01/14/2018 21:24:35","Restart",894,82
918253,"Real Sociedad","FC Barcelona","01/14/2018 21:24:35","Player_DATA_CONFIRMED",895,82
918253,"Real Sociedad","FC Barcelona","01/14/2018 21:24:45","SHG2",896,82
918253,"Real Sociedad","FC Barcelona","01/14/2018 21:24:47","PCR2",897,82
918253,"Real Sociedad","FC Barcelona","01/14/2018 21:24:53","CR2",898,82
918253,"Real Sociedad","FC Barcelona","01/14/2018 21:24:55","Ball Position",899,82
918253,"Real Sociedad","FC Barcelona","01/14/2018 21:25:06","Restart",900,82
918253,"Real Sociedad","FC Barcelona","01/14/2018 21:25:29","POSSIBLE_TI",901,82
918253,"Real Sociedad","FC Barcelona","01/14/2018 21:25:31","TI2",902,83
918253,"Real Sociedad","FC Barcelona","01/14/2018 21:25:39","Restart",903,83
918253,"Real Sociedad","FC Barcelona","01/14/2018 21:25:44","Possible Free Kick",904,83
918253,"Real Sociedad","FC Barcelona","01/14/2018 21:25:45","SAFE1",906,83
918253,"Real Sociedad","FC Barcelona","01/14/2018 21:25:45","F2",907,83
918253,"Real Sociedad","FC Barcelona","01/14/2018 21:25:45","FK1",908,83
918253,"Real Sociedad","FC Barcelona","01/14/2018 21:25:45","Ball Position",909,83
918253,"Real Sociedad","FC Barcelona","01/14/2018 21:25:55","Restart",910,83
918253,"Real Sociedad","FC Barcelona","01/14/2018 21:26:05","SAFE1",911,83
918253,"Real Sociedad","FC Barcelona","01/14/2018 21:26:10","AT2",912,83
918253,"Real Sociedad","FC Barcelona","01/14/2018 21:26:10","DANGER2",913,83
918253,"Real Sociedad","FC Barcelona","01/14/2018 21:26:10","DAT2",914,83
918253,"Real Sociedad","FC Barcelona","01/14/2018 21:26:17","SAFE1",915,83
918253,"Real Sociedad","FC Barcelona","01/14/2018 21:26:20","AT2",916,83
918253,"Real Sociedad","FC Barcelona","01/14/2018 21:26:24","SAFE1",917,83
918253,"Real Sociedad","FC Barcelona","01/14/2018 21:26:44","AT2",918,84
918253,"Real Sociedad","FC Barcelona","01/14/2018 21:26:44","DANGER2",919,84
918253,"Real Sociedad","FC Barcelona","01/14/2018 21:26:44","DAT2",920,84
918253,"Real Sociedad","FC Barcelona","01/14/2018 21:26:49","POSSIBLE_CARDS",921,84
918253,"Real Sociedad","FC Barcelona","01/14/2018 21:26:52","YC1",922,84
918253,"Real Sociedad","FC Barcelona","01/14/2018 21:26:54","CONF_YC1",923,84
918253,"Real Sociedad","FC Barcelona","01/14/2018 21:26:59","Scorer",924,84
918253,"Real Sociedad","FC Barcelona","01/14/2018 21:27:01","Possible Free Kick",925,84
918253,"Real Sociedad","FC Barcelona","01/14/2018 21:27:03","F1",927,84
918253,"Real Sociedad","FC Barcelona","01/14/2018 21:27:03","FK2",928,84
918253,"Real Sociedad","FC Barcelona","01/14/2018 21:27:03","DFK2",929,84
918253,"Real Sociedad","FC Barcelona","01/14/2018 21:27:03","Ball Position",930,84
918253,"Real Sociedad","FC Barcelona","01/14/2018 21:27:12","Player_DATA_CONFIRMED",931,84
918253,"Real Sociedad","FC Barcelona","01/14/2018 21:27:58","Restart",932,85
918253,"Real Sociedad","FC Barcelona","01/14/2018 21:28:01","GOAL2",933,85
918253,"Real Sociedad","FC Barcelona","01/14/2018 21:28:12","Scorer",934,85
918253,"Real Sociedad","FC Barcelona","01/14/2018 21:28:13","CONF_GOAL2",935,85
918253,"Real Sociedad","FC Barcelona","01/14/2018 21:29:02","KO1",936,86
918253,"Real Sociedad","FC Barcelona","01/14/2018 21:29:02","SAFE1",937,86
918253,"Real Sociedad","FC Barcelona","01/14/2018 21:29:07","AT1",938,86
918253,"Real Sociedad","FC Barcelona","01/14/2018 21:29:18","SAFE2",939,86
918253,"Real Sociedad","FC Barcelona","01/14/2018 21:29:20","AT2",940,86
918253,"Real Sociedad","FC Barcelona","01/14/2018 21:29:24","DANGER2",941,86
918253,"Real Sociedad","FC Barcelona","01/14/2018 21:29:24","DAT2",942,86
918253,"Real Sociedad","FC Barcelona","01/14/2018 21:29:27","POSSIBLE_TI",943,86
918253,"Real Sociedad","FC Barcelona","01/14/2018 21:29:29","TI1",944,86
918253,"Real Sociedad","FC Barcelona","01/14/2018 21:29:33","Restart",945,87
918253,"Real Sociedad","FC Barcelona","01/14/2018 21:29:38","Possible Free Kick",946,87
918253,"Real Sociedad","FC Barcelona","01/14/2018 21:29:39","SAFE1",948,87
918253,"Real Sociedad","FC Barcelona","01/14/2018 21:29:39","F2",949,87
918253,"Real Sociedad","FC Barcelona","01/14/2018 21:29:39","FK1",950,87
918253,"Real Sociedad","FC Barcelona","01/14/2018 21:29:39","Ball Position",951,87
918253,"Real Sociedad","FC Barcelona","01/14/2018 21:29:44","Restart",952,87
918253,"Real Sociedad","FC Barcelona","01/14/2018 21:29:47","Player_DATA_CONFIRMED",953,87
918253,"Real Sociedad","FC Barcelona","01/14/2018 21:29:48","AT1",954,87
918253,"Real Sociedad","FC Barcelona","01/14/2018 21:29:51","DANGER1",955,87
918253,"Real Sociedad","FC Barcelona","01/14/2018 21:29:51","DAT1",956,87
918253,"Real Sociedad","FC Barcelona","01/14/2018 21:30:21","POSSIBLE_TI",957,87
918253,"Real Sociedad","FC Barcelona","01/14/2018 21:30:22","TI2",958,87
918253,"Real Sociedad","FC Barcelona","01/14/2018 21:30:23","Restart",959,87
918253,"Real Sociedad","FC Barcelona","01/14/2018 21:30:25","SAFE2",960,87
918253,"Real Sociedad","FC Barcelona","01/14/2018 21:30:32","SAFE1",961,88
918253,"Real Sociedad","FC Barcelona","01/14/2018 21:30:36","AT1",962,88
918253,"Real Sociedad","FC Barcelona","01/14/2018 21:30:36","DANGER1",963,88
918253,"Real Sociedad","FC Barcelona","01/14/2018 21:30:36","DAT1",964,88
918253,"Real Sociedad","FC Barcelona","01/14/2018 21:30:45","BLOCKED1",965,88
918253,"Real Sociedad","FC Barcelona","01/14/2018 21:30:55","PCR1",966,88
918253,"Real Sociedad","FC Barcelona","01/14/2018 21:31:00","CR1",967,88
918253,"Real Sociedad","FC Barcelona","01/14/2018 21:31:03","Ball Position",968,88
918253,"Real Sociedad","FC Barcelona","01/14/2018 21:31:14","Restart",969,88
918253,"Real Sociedad","FC Barcelona","01/14/2018 21:31:20","BLOCKED1",970,88
918253,"Real Sociedad","FC Barcelona","01/14/2018 21:31:25","SAFE1",971,88
918253,"Real Sociedad","FC Barcelona","01/14/2018 21:31:36","AT1",972,89
918253,"Real Sociedad","FC Barcelona","01/14/2018 21:31:37","DANGER1",973,89
918253,"Real Sociedad","FC Barcelona","01/14/2018 21:31:37","DAT1",974,89
918253,"Real Sociedad","FC Barcelona","01/14/2018 21:31:44","SAFE2",975,89
918253,"Real Sociedad","FC Barcelona","01/14/2018 21:31:51","AT2",976,89
918253,"Real Sociedad","FC Barcelona","01/14/2018 21:31:53","DANGER2",977,89
918253,"Real Sociedad","FC Barcelona","01/14/2018 21:31:53","DAT2",978,89
918253,"Real Sociedad","FC Barcelona","01/14/2018 21:32:17","SHB2",979,89
918253,"Real Sociedad","FC Barcelona","01/14/2018 21:32:18","SAFE1",980,89
918253,"Real Sociedad","FC Barcelona","01/14/2018 21:32:19","GK1",981,89
918253,"Real Sociedad","FC Barcelona","01/14/2018 21:32:45","SUB2",982,90
918253,"Real Sociedad","FC Barcelona","01/14/2018 21:33:14","Restart",983,90
918253,"Real Sociedad","FC Barcelona","01/14/2018 21:33:18","Player_DATA_CONFIRMED",984,90
918253,"Real Sociedad","FC Barcelona","01/14/2018 21:33:22","AT1",985,90
918253,"Real Sociedad","FC Barcelona","01/14/2018 21:33:28","DANGER1",986,90
918253,"Real Sociedad","FC Barcelona","01/14/2018 21:33:28","DAT1",987,90
918253,"Real Sociedad","FC Barcelona","01/14/2018 21:33:31","SAFE2",988,91
918253,"Real Sociedad","FC Barcelona","01/14/2018 21:33:36","AT1",989,91
918253,"Real Sociedad","FC Barcelona","01/14/2018 21:33:36","DANGER1",990,91
918253,"Real Sociedad","FC Barcelona","01/14/2018 21:33:36","DAT1",991,91
918253,"Real Sociedad","FC Barcelona","01/14/2018 21:33:48","Extra Time",992,91
918253,"Real Sociedad","FC Barcelona","01/14/2018 21:34:24","BLOCKED1",993,91
918253,"Real Sociedad","FC Barcelona","01/14/2018 21:34:30","SAFE2",994,92
918253,"Real Sociedad","FC Barcelona","01/14/2018 21:34:32","AT2",995,92
918253,"Real Sociedad","FC Barcelona","01/14/2018 21:34:32","DANGER2",996,92
918253,"Real Sociedad","FC Barcelona","01/14/2018 21:34:32","DAT2",997,92
918253,"Real Sociedad","FC Barcelona","01/14/2018 21:34:39","SAFE1",998,92
918253,"Real Sociedad","FC Barcelona","01/14/2018 21:34:44","AT1",999,92
918253,"Real Sociedad","FC Barcelona","01/14/2018 21:34:44","DANGER1",1000,92
918253,"Real Sociedad","FC Barcelona","01/14/2018 21:34:44","DAT1",1001,92
918253,"Real Sociedad","FC Barcelona","01/14/2018 21:34:51","POSSIBLE_CARDS",1002,92
918253,"Real Sociedad","FC Barcelona","01/14/2018 21:35:05","YC2",1003,92
918253,"Real Sociedad","FC Barcelona","01/14/2018 21:35:07","CONF_YC2",1004,92
918253,"Real Sociedad","FC Barcelona","01/14/2018 21:35:17","Scorer",1005,92
918253,"Real Sociedad","FC Barcelona","01/14/2018 21:35:23","Possible Free Kick",1006,92
918253,"Real Sociedad","FC Barcelona","01/14/2018 21:35:26","F2",1008,92
918253,"Real Sociedad","FC Barcelona","01/14/2018 21:35:26","FK1",1009,92
918253,"Real Sociedad","FC Barcelona","01/14/2018 21:35:26","DFK1",1010,92
918253,"Real Sociedad","FC Barcelona","01/14/2018 21:35:26","Ball Position",1011,92
918253,"Real Sociedad","FC Barcelona","01/14/2018 21:35:59","Restart",1012,93
918253,"Real Sociedad","FC Barcelona","01/14/2018 21:36:02","PCR1",1013,93
918253,"Real Sociedad","FC Barcelona","01/14/2018 21:36:04","Player_DATA_CONFIRMED",1014,93
918253,"Real Sociedad","FC Barcelona","01/14/2018 21:36:12","CR1",1015,93
918253,"Real Sociedad","FC Barcelona","01/14/2018 21:36:14","SHG1",1016,93
918253,"Real Sociedad","FC Barcelona","01/14/2018 21:36:16","Ball Position",1017,93
918253,"Real Sociedad","FC Barcelona","01/14/2018 21:36:17","Restart",1018,93
918253,"Real Sociedad","FC Barcelona","01/14/2018 21:36:41","Stop RT2",1019,93
918253,"Real Sociedad","FC Barcelona","01/14/2018 21:36:41","Stop Game",1020,93
918253,"Real Sociedad","FC Barcelona","01/14/2018 21:36:55","CONF_PERIOD_SCORE",1021,93
